{"cameraMode":{"drawMode":0,"name":"Shaded","section":"Shading Mode"},"sceneLighting":true,"audioPlay":false,"sceneViewState":{"showFog":true,"showMaterialUpdate":false,"showSkybox":true,"showFlares":true,"showImageEffects":true,"showParticleSystems":true},"in2DMode":false,"pivot":{"x":5920.43115234375,"y":-135.20765686035157,"z":5469.18359375},"rotation":{"x":0.022809922695159913,"y":0.03091486357152462,"z":-0.0003560416807886213,"w":0.9993692636489868},"size":217.4382781982422,"orthographic":false}