{"cameraMode":{"drawMode":0,"name":"Shaded","section":"Shading Mode"},"sceneLighting":true,"audioPlay":false,"sceneViewState":{"showFog":true,"showMaterialUpdate":false,"showSkybox":true,"showFlares":true,"showImageEffects":true,"showParticleSystems":true},"in2DMode":false,"pivot":{"x":533.7119140625,"y":137.044189453125,"z":1765.9405517578125},"rotation":{"x":0.00870115403085947,"y":0.010214029811322689,"z":-0.0008692493429407477,"w":-1.0000481605529786},"size":948.0331420898438,"orthographic":false}