{"cameraMode":{"drawMode":0,"name":"Shaded","section":"Shading Mode"},"sceneLighting":true,"audioPlay":false,"sceneViewState":{"showFog":true,"showMaterialUpdate":false,"showSkybox":true,"showFlares":true,"showImageEffects":true,"showParticleSystems":true},"in2DMode":false,"pivot":{"x":-3416.521728515625,"y":566.454345703125,"z":-8405.9462890625},"rotation":{"x":-0.07196134328842163,"y":0.0866829976439476,"z":-0.0064920466393232349,"w":-0.9937030076980591},"size":737.6925048828125,"orthographic":false}