{"cameraMode":{"drawMode":0,"name":"Shaded","section":"Shading Mode"},"sceneLighting":true,"audioPlay":false,"sceneViewState":{"showFog":true,"showMaterialUpdate":false,"showSkybox":true,"showFlares":true,"showImageEffects":true,"showParticleSystems":true},"in2DMode":false,"pivot":{"x":874.5733642578125,"y":647.4405517578125,"z":335.93115234375},"rotation":{"x":-0.01380943600088358,"y":-0.004780230112373829,"z":0.00011932804773095995,"w":-0.9999369978904724},"size":777.8733520507813,"orthographic":false}