{"cameraMode":{"drawMode":0,"name":"Shaded","section":"Shading Mode"},"sceneLighting":true,"audioPlay":false,"sceneViewState":{"showFog":true,"showMaterialUpdate":false,"showSkybox":true,"showFlares":true,"showImageEffects":true,"showParticleSystems":true},"in2DMode":false,"pivot":{"x":422.02783203125,"y":436.3973693847656,"z":-84.7232666015625},"rotation":{"x":0.005696091800928116,"y":0.007204950321465731,"z":-0.0006884032627567649,"w":-1.0000896453857422},"size":1171.3173828125,"orthographic":false}