{"cameraMode":{"drawMode":0,"name":"Shaded","section":"Shading Mode"},"sceneLighting":true,"audioPlay":false,"sceneViewState":{"showFog":true,"showMaterialUpdate":false,"showSkybox":true,"showFlares":true,"showImageEffects":true,"showParticleSystems":true},"in2DMode":false,"pivot":{"x":1703.9781494140625,"y":210.473876953125,"z":-2.281280517578125},"rotation":{"x":-0.01680751144886017,"y":0.007491454016417265,"z":-0.0004648241156246513,"w":-0.9999310374259949},"size":315.7982177734375,"orthographic":false}