{"cameraMode":{"drawMode":0,"name":"Shaded","section":"Shading Mode"},"sceneLighting":true,"audioPlay":false,"sceneViewState":{"showFog":true,"showMaterialUpdate":false,"showSkybox":true,"showFlares":true,"showImageEffects":true,"showParticleSystems":true},"in2DMode":false,"pivot":{"x":4329.46435546875,"y":15.702767372131348,"z":9131.9091796875},"rotation":{"x":-0.0033170427195727827,"y":-0.022503474727272989,"z":-0.0002787928387988359,"w":-0.9998437762260437},"size":9.057978630065918,"orthographic":false}