{"cameraMode":{"drawMode":0,"name":"Shaded","section":"Shading Mode"},"sceneLighting":true,"audioPlay":false,"sceneViewState":{"showFog":true,"showMaterialUpdate":false,"showSkybox":true,"showFlares":true,"showImageEffects":true,"showParticleSystems":true},"in2DMode":false,"pivot":{"x":-2338.81201171875,"y":-3001.37841796875,"z":6579.828125},"rotation":{"x":-0.18671785295009614,"y":0.0012103011831641198,"z":-0.00014790918794460595,"w":-0.9824684262275696},"size":19705.09375,"orthographic":false}