{"cameraMode":{"drawMode":0,"name":"Shaded","section":"Shading Mode"},"sceneLighting":true,"audioPlay":false,"sceneViewState":{"showFog":true,"showMaterialUpdate":false,"showSkybox":true,"showFlares":true,"showImageEffects":true,"showParticleSystems":true},"in2DMode":false,"pivot":{"x":1738.7484130859375,"y":751.6963500976563,"z":-1.124481201171875},"rotation":{"x":0.005690303631126881,"y":-0.00028224970446899533,"z":0.000051783583330689,"w":-1.0000603199005128},"size":399.1659851074219,"orthographic":false}