{"cameraMode":{"drawMode":0,"name":"Shaded","section":"Shading Mode"},"sceneLighting":true,"audioPlay":false,"sceneViewState":{"showFog":true,"showMaterialUpdate":false,"showSkybox":true,"showFlares":true,"showImageEffects":true,"showParticleSystems":true},"in2DMode":false,"pivot":{"x":629.5355224609375,"y":611.1597290039063,"z":2.034912109375},"rotation":{"x":0.0011892772745341063,"y":-0.0018079582368955017,"z":-0.0007298403652384877,"w":-1.0001177787780762},"size":1110.2867431640625,"orthographic":false}