{"cameraMode":{"drawMode":0,"name":"Shaded","section":"Shading Mode"},"sceneLighting":true,"audioPlay":false,"sceneViewState":{"showFog":true,"showMaterialUpdate":false,"showSkybox":true,"showFlares":true,"showImageEffects":true,"showParticleSystems":true},"in2DMode":false,"pivot":{"x":2030.652587890625,"y":242.7837371826172,"z":93.00048828125},"rotation":{"x":0.03418837487697601,"y":0.00450741034001112,"z":-0.00019250968762207776,"w":-0.9995057582855225},"size":6288.34814453125,"orthographic":false}