{"cameraMode":{"drawMode":0,"name":"Shaded","section":"Shading Mode"},"sceneLighting":true,"audioPlay":false,"sceneViewState":{"showFog":true,"showMaterialUpdate":false,"showSkybox":true,"showFlares":true,"showImageEffects":true,"showParticleSystems":true},"in2DMode":false,"pivot":{"x":604.5504150390625,"y":569.0824584960938,"z":5.0418701171875},"rotation":{"x":-0.010796506889164448,"y":0.0131973372772336,"z":-0.00112988764885813,"w":-0.9999919533729553},"size":1121.565185546875,"orthographic":false}