{"cameraMode":{"drawMode":0,"name":"Shaded","section":"Shading Mode"},"sceneLighting":false,"audioPlay":false,"sceneViewState":{"showFog":true,"showMaterialUpdate":false,"showSkybox":false,"showFlares":true,"showImageEffects":true,"showParticleSystems":true},"in2DMode":false,"pivot":{"x":393.3608093261719,"y":14.758407592773438,"z":-10.579727172851563},"rotation":{"x":0.04829133674502373,"y":-0.011116021312773228,"z":0.00047710363287478685,"w":0.9988206624984741},"size":132.1006317138672,"orthographic":false}