{"cameraMode":{"drawMode":0,"name":"Shaded","section":"Shading Mode"},"sceneLighting":false,"audioPlay":false,"sceneViewState":{"showFog":true,"showMaterialUpdate":false,"showSkybox":false,"showFlares":true,"showImageEffects":true,"showParticleSystems":true},"in2DMode":false,"pivot":{"x":1221.991455078125,"y":460.6578369140625,"z":19.826416015625},"rotation":{"x":0.02368909865617752,"y":-0.0047813537530601028,"z":-0.00005782652442576364,"w":-0.9997515082359314},"size":748.9334106445313,"orthographic":false}