{"cameraMode":{"drawMode":0,"name":"Shaded","section":"Shading Mode"},"sceneLighting":true,"audioPlay":false,"sceneViewState":{"showFog":true,"showMaterialUpdate":false,"showSkybox":true,"showFlares":true,"showImageEffects":true,"showParticleSystems":true},"in2DMode":false,"pivot":{"x":1124.912353515625,"y":426.953369140625,"z":38.576904296875},"rotation":{"x":-0.005693966988474131,"y":-0.017092928290367128,"z":0.00012413895456120372,"w":0.9999358057975769},"size":1595.5052490234375,"orthographic":false}