{"cameraMode":{"drawMode":0,"name":"Shaded","section":"Shading Mode"},"sceneLighting":false,"audioPlay":false,"sceneViewState":{"showFog":true,"showMaterialUpdate":false,"showSkybox":false,"showFlares":true,"showImageEffects":true,"showParticleSystems":true},"in2DMode":false,"pivot":{"x":2657.610107421875,"y":-0.4951171875,"z":2375.50927734375},"rotation":{"x":0.6980209946632385,"y":0.04238710552453995,"z":-0.04153204709291458,"w":0.7136791348457336},"size":1274.126220703125,"orthographic":false}