{"cameraMode":{"drawMode":0,"name":"Shaded","section":"Shading Mode"},"sceneLighting":true,"audioPlay":false,"sceneViewState":{"showFog":true,"showMaterialUpdate":false,"showSkybox":true,"showFlares":true,"showImageEffects":true,"showParticleSystems":true},"in2DMode":false,"pivot":{"x":409.9227294921875,"y":361.27874755859377,"z":-12.9635009765625},"rotation":{"x":0.004175496753305197,"y":-0.021318070590496064,"z":-0.0007418781169690192,"w":-0.999880313873291},"size":565.387451171875,"orthographic":false}