{"cameraMode":{"drawMode":0,"name":"Shaded","section":"Shading Mode"},"sceneLighting":true,"audioPlay":false,"sceneViewState":{"showFog":true,"showMaterialUpdate":false,"showSkybox":true,"showFlares":true,"showImageEffects":true,"showParticleSystems":true},"in2DMode":false,"pivot":{"x":-1548.7657470703125,"y":1897.2763671875,"z":-72.299560546875},"rotation":{"x":0.2775450348854065,"y":-0.12682980298995973,"z":0.037343982607126239,"w":0.9516878724098206},"size":2531.380126953125,"orthographic":false}