{"cameraMode":{"drawMode":0,"name":"Shaded","section":"Shading Mode"},"sceneLighting":false,"audioPlay":false,"sceneViewState":{"showFog":true,"showMaterialUpdate":false,"showSkybox":false,"showFlares":true,"showImageEffects":true,"showParticleSystems":true},"in2DMode":false,"pivot":{"x":902.5134887695313,"y":428.6656188964844,"z":3.618927001953125},"rotation":{"x":0.016155285760760309,"y":-0.06922061741352081,"z":-0.0010654105572029949,"w":-0.9975135922431946},"size":297.16729736328127,"orthographic":false}