{"cameraMode":{"drawMode":0,"name":"Shaded","section":"Shading Mode"},"sceneLighting":true,"audioPlay":false,"sceneViewState":{"showFog":true,"showMaterialUpdate":false,"showSkybox":true,"showFlares":true,"showImageEffects":true,"showParticleSystems":true},"in2DMode":false,"pivot":{"x":1707.4273681640625,"y":549.538818359375,"z":-451.952392578125},"rotation":{"x":0.04744667187333107,"y":-0.09126422554254532,"z":-0.004693519324064255,"w":-0.9947852492332459},"size":3835.449462890625,"orthographic":false}