{"cameraMode":{"drawMode":0,"name":"Shaded","section":"Shading Mode"},"sceneLighting":false,"audioPlay":false,"sceneViewState":{"showFog":true,"showMaterialUpdate":false,"showSkybox":false,"showFlares":true,"showImageEffects":true,"showParticleSystems":true},"in2DMode":false,"pivot":{"x":158.30233764648438,"y":-43.71034240722656,"z":-0.7750751972198486},"rotation":{"x":0.05766206979751587,"y":-0.7024980783462524,"z":0.057205792516469958,"w":0.7071043252944946},"size":301.3656921386719,"orthographic":false}