{"cameraMode":{"drawMode":0,"name":"Shaded","section":"Shading Mode"},"sceneLighting":false,"audioPlay":false,"sceneViewState":{"showFog":true,"showMaterialUpdate":false,"showSkybox":false,"showFlares":true,"showImageEffects":true,"showParticleSystems":true},"in2DMode":false,"pivot":{"x":1990.9146728515625,"y":-96.03213500976563,"z":2053.6455078125},"rotation":{"x":0.7336626052856445,"y":0.011765817180275917,"z":-0.012785026803612709,"w":0.6793601512908936},"size":572.1019897460938,"orthographic":false}