{"cameraMode":{"drawMode":0,"name":"Shaded","section":"Shading Mode"},"sceneLighting":false,"audioPlay":false,"sceneViewState":{"showFog":true,"showMaterialUpdate":false,"showSkybox":false,"showFlares":true,"showImageEffects":true,"showParticleSystems":true},"in2DMode":false,"pivot":{"x":1896.661865234375,"y":-222.34039306640626,"z":2006.4996337890625},"rotation":{"x":0.6960234045982361,"y":-0.0037229079753160478,"z":0.0035241376608610155,"w":0.7180673480033875},"size":1326.6837158203125,"orthographic":false}