{"cameraMode":{"drawMode":0,"name":"Shaded","section":"Shading Mode"},"sceneLighting":true,"audioPlay":false,"sceneViewState":{"showFog":true,"showMaterialUpdate":false,"showSkybox":true,"showFlares":true,"showImageEffects":true,"showParticleSystems":true},"in2DMode":false,"pivot":{"x":893.5601806640625,"y":844.200439453125,"z":304.19207763671877},"rotation":{"x":0.03866802901029587,"y":-0.016760539263486863,"z":-0.0013795752311125398,"w":-0.9992431402206421},"size":1291.3885498046875,"orthographic":false}