{"cameraMode":{"drawMode":0,"name":"Shaded","section":"Shading Mode"},"sceneLighting":true,"audioPlay":false,"sceneViewState":{"showFog":true,"showMaterialUpdate":false,"showSkybox":true,"showFlares":true,"showImageEffects":true,"showParticleSystems":true},"in2DMode":false,"pivot":{"x":694.9873657226563,"y":524.2315063476563,"z":44.686279296875},"rotation":{"x":0.017689315602183343,"y":-0.007777962367981672,"z":-0.00018888033810071647,"w":-0.9998990297317505},"size":654.8582763671875,"orthographic":false}