{"cameraMode":{"drawMode":0,"name":"Shaded","section":"Shading Mode"},"sceneLighting":true,"audioPlay":false,"sceneViewState":{"showFog":true,"showMaterialUpdate":false,"showSkybox":true,"showFlares":true,"showImageEffects":true,"showParticleSystems":true},"in2DMode":false,"pivot":{"x":-1615.45947265625,"y":199.865966796875,"z":4139.2666015625},"rotation":{"x":0.15113110840320588,"y":-0.14182661473751069,"z":0.021911663934588434,"w":0.9780508875846863},"size":7243.78076171875,"orthographic":false}