{"cameraMode":{"drawMode":0,"name":"Shaded","section":"Shading Mode"},"sceneLighting":false,"audioPlay":false,"sceneViewState":{"showFog":true,"showMaterialUpdate":false,"showSkybox":false,"showFlares":true,"showImageEffects":true,"showParticleSystems":true},"in2DMode":false,"pivot":{"x":406.1741638183594,"y":-20.33271598815918,"z":167.6145782470703},"rotation":{"x":0.0452953465282917,"y":0.006865576840937138,"z":-0.0003675367042887956,"w":0.9989972710609436},"size":235.6377716064453,"orthographic":false}