{"cameraMode":{"drawMode":0,"name":"Shaded","section":"Shading Mode"},"sceneLighting":false,"audioPlay":false,"sceneViewState":{"showFog":true,"showMaterialUpdate":false,"showSkybox":false,"showFlares":true,"showImageEffects":true,"showParticleSystems":true},"in2DMode":false,"pivot":{"x":1892.441650390625,"y":-97.8482666015625,"z":2140.38916015625},"rotation":{"x":0.6980209946632385,"y":0.04238710552453995,"z":-0.04153204709291458,"w":0.7136791348457336},"size":880.0062866210938,"orthographic":false}