{"cameraMode":{"drawMode":0,"name":"Shaded","section":"Shading Mode"},"sceneLighting":false,"audioPlay":false,"sceneViewState":{"showFog":true,"showMaterialUpdate":false,"showSkybox":false,"showFlares":true,"showImageEffects":true,"showParticleSystems":true},"in2DMode":false,"pivot":{"x":807.7409057617188,"y":501.6884765625,"z":14.44793701171875},"rotation":{"x":0.016155285760760309,"y":-0.06922061741352081,"z":-0.0010654105572029949,"w":-0.9975135922431946},"size":297.16729736328127,"orthographic":false}