{"cameraMode":{"drawMode":0,"name":"Shaded","section":"Shading Mode"},"sceneLighting":true,"audioPlay":false,"sceneViewState":{"showFog":true,"showMaterialUpdate":false,"showSkybox":true,"showFlares":true,"showImageEffects":true,"showParticleSystems":true},"in2DMode":false,"pivot":{"x":1068.658203125,"y":553.355712890625,"z":12.991455078125},"rotation":{"x":0.004175496753305197,"y":-0.021318070590496064,"z":-0.0007418781169690192,"w":-0.999880313873291},"size":1069.495361328125,"orthographic":false}