{"cameraMode":{"drawMode":0,"name":"Shaded","section":"Shading Mode"},"sceneLighting":true,"audioPlay":false,"sceneViewState":{"showFog":true,"showMaterialUpdate":false,"showSkybox":true,"showFlares":true,"showImageEffects":true,"showParticleSystems":true},"in2DMode":false,"pivot":{"x":620.970458984375,"y":584.8701782226563,"z":20.289794921875},"rotation":{"x":0.005690163467079401,"y":-0.0017817040206864477,"z":0.00001886553582153283,"w":-1.0000529289245606},"size":1059.8870849609375,"orthographic":false}