{"cameraMode":{"drawMode":0,"name":"Shaded","section":"Shading Mode"},"sceneLighting":true,"audioPlay":false,"sceneViewState":{"showFog":true,"showMaterialUpdate":false,"showSkybox":true,"showFlares":true,"showImageEffects":true,"showParticleSystems":true},"in2DMode":false,"pivot":{"x":1013.9481811523438,"y":481.19415283203127,"z":78.340087890625},"rotation":{"x":-0.001812680042348802,"y":-0.0032974013593047859,"z":-0.0009623984806239605,"w":-1.0001306533813477},"size":1272.8795166015625,"orthographic":false}