{"cameraMode":{"drawMode":0,"name":"Shaded","section":"Shading Mode"},"sceneLighting":true,"audioPlay":false,"sceneViewState":{"showFog":true,"showMaterialUpdate":false,"showSkybox":true,"showFlares":true,"showImageEffects":true,"showParticleSystems":true},"in2DMode":false,"pivot":{"x":1719.53564453125,"y":534.6163330078125,"z":8.77978515625},"rotation":{"x":0.02967703342437744,"y":-0.028769057244062425,"z":-0.0008012186153791845,"w":-0.9992218613624573},"size":940.3582153320313,"orthographic":false}