{"cameraMode":{"drawMode":0,"name":"Shaded","section":"Shading Mode"},"sceneLighting":false,"audioPlay":false,"sceneViewState":{"showFog":true,"showMaterialUpdate":false,"showSkybox":false,"showFlares":true,"showImageEffects":true,"showParticleSystems":true},"in2DMode":false,"pivot":{"x":1260.996826171875,"y":-221.63360595703126,"z":1628.4755859375},"rotation":{"x":0.01963070034980774,"y":-0.9796958565711975,"z":0.11991940438747406,"w":0.15977413952350617},"size":1676.0880126953125,"orthographic":false}