{"cameraMode":{"drawMode":0,"name":"Shaded","section":"Shading Mode"},"sceneLighting":true,"audioPlay":false,"sceneViewState":{"showFog":true,"showMaterialUpdate":false,"showSkybox":true,"showFlares":true,"showImageEffects":true,"showParticleSystems":true},"in2DMode":false,"pivot":{"x":800.9207763671875,"y":385.34417724609377,"z":606.01123046875},"rotation":{"x":-0.031185707077383996,"y":-0.02608763799071312,"z":-0.0005101668066345155,"w":0.9992727637290955},"size":3380.64306640625,"orthographic":false}