{"cameraMode":{"drawMode":0,"name":"Shaded","section":"Shading Mode"},"sceneLighting":false,"audioPlay":false,"sceneViewState":{"showFog":true,"showMaterialUpdate":false,"showSkybox":false,"showFlares":true,"showImageEffects":true,"showParticleSystems":true},"in2DMode":false,"pivot":{"x":960.22119140625,"y":72.42315673828125,"z":3725.59521484375},"rotation":{"x":0.3029165267944336,"y":-0.020623408257961274,"z":0.006502725183963776,"w":0.9528204798698425},"size":1519.419189453125,"orthographic":false}