{"cameraMode":{"drawMode":0,"name":"Shaded","section":"Shading Mode"},"sceneLighting":true,"audioPlay":false,"sceneViewState":{"showFog":true,"showMaterialUpdate":false,"showSkybox":true,"showFlares":true,"showImageEffects":true,"showParticleSystems":true},"in2DMode":false,"pivot":{"x":493.6065979003906,"y":596.478759765625,"z":5.3111572265625},"rotation":{"x":-0.016809627413749696,"y":-0.01528012566268444,"z":0.00021755174384452403,"w":-0.9998279809951782},"size":1224.6839599609375,"orthographic":false}