{"cameraMode":{"drawMode":0,"name":"Shaded","section":"Shading Mode"},"sceneLighting":true,"audioPlay":false,"sceneViewState":{"showFog":true,"showMaterialUpdate":false,"showSkybox":true,"showFlares":true,"showImageEffects":true,"showParticleSystems":true},"in2DMode":false,"pivot":{"x":743.6398315429688,"y":538.44580078125,"z":5.97186279296875},"rotation":{"x":-0.03268394619226456,"y":-0.012309030629694462,"z":-0.0004205348377581686,"w":0.9994720816612244},"size":968.83447265625,"orthographic":false}