{"cameraMode":{"drawMode":0,"name":"Shaded","section":"Shading Mode"},"sceneLighting":true,"audioPlay":false,"sceneViewState":{"showFog":true,"showMaterialUpdate":false,"showSkybox":true,"showFlares":true,"showImageEffects":true,"showParticleSystems":true},"in2DMode":false,"pivot":{"x":802.4187622070313,"y":666.3545532226563,"z":452.7420959472656},"rotation":{"x":0.0317499078810215,"y":0.05962338298559189,"z":-0.0019134541507810355,"w":0.9977973699569702},"size":962.7659912109375,"orthographic":false}