{"cameraMode":{"drawMode":0,"name":"Shaded","section":"Shading Mode"},"sceneLighting":true,"audioPlay":false,"sceneViewState":{"showFog":true,"showMaterialUpdate":false,"showSkybox":true,"showFlares":true,"showImageEffects":true,"showParticleSystems":true},"in2DMode":false,"pivot":{"x":1670.521240234375,"y":396.7109680175781,"z":95.97808837890625},"rotation":{"x":0.02518864907324314,"y":-0.0062811532989144329,"z":-0.00012124276690883562,"w":-0.9997353553771973},"size":581.5087890625,"orthographic":false}