{"cameraMode":{"drawMode":0,"name":"Shaded","section":"Shading Mode"},"sceneLighting":true,"audioPlay":false,"sceneViewState":{"showFog":true,"showMaterialUpdate":false,"showSkybox":true,"showFlares":true,"showImageEffects":true,"showParticleSystems":true},"in2DMode":false,"pivot":{"x":839.1836547851563,"y":303.8248291015625,"z":1.40924072265625},"rotation":{"x":-0.001190739101730287,"y":-0.0005914121284149587,"z":0.0002209807571489364,"w":1.0000970363616944},"size":904.7201538085938,"orthographic":false}