{"cameraMode":{"drawMode":0,"name":"Shaded","section":"Shading Mode"},"sceneLighting":true,"audioPlay":false,"sceneViewState":{"showFog":true,"showMaterialUpdate":false,"showSkybox":true,"showFlares":true,"showImageEffects":true,"showParticleSystems":true},"in2DMode":false,"pivot":{"x":-814.2606811523438,"y":337.91619873046877,"z":131.24276733398438},"rotation":{"x":-0.05419266223907471,"y":-0.06319896131753922,"z":0.003220083424821496,"w":-0.9966182112693787},"size":614.4461059570313,"orthographic":false}